cockpit_poign__e1_cockpit_poign_e_2_0_0	obj/cockpit_poign__e1_cockpit_poign_e_2_0_0.obj	textures/tex_da94bca02f97.png
cockpit_poign__e_cockpit_poign_e_1_0_1	obj/cockpit_poign__e_cockpit_poign_e_1_0_1.obj	textures/tex_d1d66a64212f.png
phare_main_lamp_phare_main_lamp1_0_2	obj/phare_main_lamp_phare_main_lamp1_0_2.obj	textures/tex_6ac72102f75f.png
phare_small_lamp_phare_small_lamp1_0_3	obj/phare_small_lamp_phare_small_lamp1_0_3.obj	textures/tex_a7500c852aba.png
phare_cylindre_phare_cylindre1_0_4	obj/phare_cylindre_phare_cylindre1_0_4.obj	textures/tex_197236cc64b5.png
phare_main_phare_main1_0_5	obj/phare_main_phare_main1_0_5.obj	textures/tex_2d997e51176e.png
moteur_triangle1_moteur_triangle_2_0_6	obj/moteur_triangle1_moteur_triangle_2_0_6.obj	textures/tex_06ac5a147f46.png
moteur_couvercle_bas_moteur_couvercle_bas1_0_7	obj/moteur_couvercle_bas_moteur_couvercle_bas1_0_7.obj	textures/tex_72809b51e02a.png
moteur_BIGcouvercle_bas_moteur_BIGcouvercle_bas1_0_8	obj/moteur_BIGcouvercle_bas_moteur_BIGcouvercle_bas1_0_8.obj	textures/tex_657598a171e6.png
moteur_triangle_moteur_triangle_1_0_9	obj/moteur_triangle_moteur_triangle_1_0_9.obj	textures/tex_ce8095a7a7c5.png
moteur_renforcement_moteur_renforcement1_0_10	obj/moteur_renforcement_moteur_renforcement1_0_10.obj	textures/tex_db687dfc61b6.png
moteur_plaque10_moteur_plaque11_0_11	obj/moteur_plaque10_moteur_plaque11_0_11.obj	textures/tex_2059d15c1222.png
moteur_plaque9_moteur_plaque11_0_12	obj/moteur_plaque9_moteur_plaque11_0_12.obj	textures/tex_2059d15c1222.png
moteur_plaque8_moteur_plaque11_0_13	obj/moteur_plaque8_moteur_plaque11_0_13.obj	textures/tex_2059d15c1222.png
moteur_plaque7_moteur_plaque11_0_14	obj/moteur_plaque7_moteur_plaque11_0_14.obj	textures/tex_2059d15c1222.png
moteur_plaque6_moteur_plaque11_0_15	obj/moteur_plaque6_moteur_plaque11_0_15.obj	textures/tex_2059d15c1222.png
moteur_plaque5_moteur_plaque11_0_16	obj/moteur_plaque5_moteur_plaque11_0_16.obj	textures/tex_2059d15c1222.png
moteur_plaque4_moteur_plaque11_0_17	obj/moteur_plaque4_moteur_plaque11_0_17.obj	textures/tex_2059d15c1222.png
moteur_plaque3_moteur_plaque11_0_18	obj/moteur_plaque3_moteur_plaque11_0_18.obj	textures/tex_2059d15c1222.png
moteur_plaque2_moteur_plaque11_0_19	obj/moteur_plaque2_moteur_plaque11_0_19.obj	textures/tex_2059d15c1222.png
moteur_plaque1_moteur_plaque11_0_20	obj/moteur_plaque1_moteur_plaque11_0_20.obj	textures/tex_2059d15c1222.png
moteur_plaque_moteur_plaque11_0_21	obj/moteur_plaque_moteur_plaque11_0_21.obj	textures/tex_2059d15c1222.png
moteur_BIGcouvercle_haut_moteur_BIGcouvercle_haut1_0_22	obj/moteur_BIGcouvercle_haut_moteur_BIGcouvercle_haut1_0_22.obj	textures/tex_75ec240277e7.png
moteur_couvercle_haut_moteur_couvercle_haut1_0_23	obj/moteur_couvercle_haut_moteur_couvercle_haut1_0_23.obj	textures/tex_89eec15dc85c.png
moteur_cube_moteur_cube1_0_24	obj/moteur_cube_moteur_cube1_0_24.obj	textures/tex_48713f75dfe7.png
moteur_engine_moteur_engine1_0_25	obj/moteur_engine_moteur_engine1_0_25.obj	textures/tex_c3cca3b9cb7b.png
moteur_cylindre_moteur_cylindre1_0_26	obj/moteur_cylindre_moteur_cylindre1_0_26.obj	textures/tex_f0aa6655964b.png
moteur_connector_moteur_connector1_0_27	obj/moteur_connector_moteur_connector1_0_27.obj	textures/tex_30e66b1f5e29.png
ship_bottom_renforcement_ship_bottom_renforcement01_0_28	obj/ship_bottom_renforcement_ship_bottom_renforcement01_0_28.obj	textures/tex_a2cc3e25b367.png
ship_plaque_ship_plaque1_0_29	obj/ship_plaque_ship_plaque1_0_29.obj	textures/tex_fff6b81fe956.png
poign__e_poign_e_01_0_30	obj/poign__e_poign_e_01_0_30.obj	textures/tex_d2ae590cbd22.png
ship_plaque01_ship_plaque1_01_0_31	obj/ship_plaque01_ship_plaque1_01_0_31.obj	textures/tex_8b841a6a0f84.png
ship_bottom_ship_bottom1_0_32	obj/ship_bottom_ship_bottom1_0_32.obj	textures/tex_ee1e40ead4ed.png
ship_cockpit_ship_cockpit1_0_33	obj/ship_cockpit_ship_cockpit1_0_33.obj	textures/tex_ff616a10e954.png
ship_uppermain_ship_uppermain1_0_34	obj/ship_uppermain_ship_uppermain1_0_34.obj	textures/tex_a82b61855936.png
ship_canon_refroidisseur_ship_canon_refroidisseur1_0_35	obj/ship_canon_refroidisseur_ship_canon_refroidisseur1_0_35.obj	textures/tex_c94ab3742e56.png
vaiseau_cannon_bout_vaiseau_cannon_bout1_0_36	obj/vaiseau_cannon_bout_vaiseau_cannon_bout1_0_36.obj	textures/tex_2f4b0bceeca2.png
ship_canon_clou6_ship_canon1_clou_0_37	obj/ship_canon_clou6_ship_canon1_clou_0_37.obj	textures/tex_a82e5fdba79c.png
ship_canon_clou7_ship_canon1_clou_0_38	obj/ship_canon_clou7_ship_canon1_clou_0_38.obj	textures/tex_a82e5fdba79c.png
ship_canon_clou_ship_canon1_clou_0_39	obj/ship_canon_clou_ship_canon1_clou_0_39.obj	textures/tex_a82e5fdba79c.png
ship_canon_clou4_ship_canon1_clou_0_40	obj/ship_canon_clou4_ship_canon1_clou_0_40.obj	textures/tex_a82e5fdba79c.png
ship_canon_clou5_ship_canon1_clou_0_41	obj/ship_canon_clou5_ship_canon1_clou_0_41.obj	textures/tex_a82e5fdba79c.png
vaiseau_boule_vaiseau_boule1_0_42	obj/vaiseau_boule_vaiseau_boule1_0_42.obj	textures/tex_1ca2bb718c0b.png
canon_couvercle_canon_couvercle1_0_43	obj/canon_couvercle_canon_couvercle1_0_43.obj	textures/tex_b10d71c1d579.png
vaiseau_canon_vaiseau_canon1_0_44	obj/vaiseau_canon_vaiseau_canon1_0_44.obj	textures/tex_0f31b2dad330.png
ship_canon_clou1_ship_canon1_clou_0_45	obj/ship_canon_clou1_ship_canon1_clou_0_45.obj	textures/tex_a82e5fdba79c.png
ship_canon_clou3_ship_canon1_clou_0_46	obj/ship_canon_clou3_ship_canon1_clou_0_46.obj	textures/tex_a82e5fdba79c.png
ship_canon_clou2_ship_canon1_clou_0_47	obj/ship_canon_clou2_ship_canon1_clou_0_47.obj	textures/tex_a82e5fdba79c.png
vaiseau_aileron_03_vaiseau_aileron1_03_0_48	obj/vaiseau_aileron_03_vaiseau_aileron1_03_0_48.obj	textures/tex_6bfe13122e6f.png
vaiseau_aileron_02_vaiseau_aileron1_02_0_49	obj/vaiseau_aileron_02_vaiseau_aileron1_02_0_49.obj	textures/tex_65e5491855a5.png
ship_conector_aileron1_ship_conector1_aileron_0_50	obj/ship_conector_aileron1_ship_conector1_aileron_0_50.obj	textures/tex_4c8b0b00d3b7.png
ship_conector_aileron_ship_conector1_aileron_0_51	obj/ship_conector_aileron_ship_conector1_aileron_0_51.obj	textures/tex_4c8b0b00d3b7.png
vaiseau_aileron_01_vaiseau_aileron1_01_0_52	obj/vaiseau_aileron_01_vaiseau_aileron1_01_0_52.obj	textures/tex_960cf0d1d4ea.png
vaiseau_aileron_00_vaiseau_aileron1_00_0_53	obj/vaiseau_aileron_00_vaiseau_aileron1_00_0_53.obj	textures/tex_ab1a5eb4500c.png
vaiseau_main_vaiseau_main1_0_54	obj/vaiseau_main_vaiseau_main1_0_54.obj	textures/tex_aab6b89d1b3f.png
